speaker,script,position1,function1,position2,function2,match,agreement
*DANA:,I thought they were gonna be back (.) by n⌈ow ⌉ . ,,,,,,
*KELL:,                                          ⌊ You did⌋n't hear em (.) playing last ⌈2 night ⌉2 . ,,,,,,
*DANA:,                                                                                 ⌊2 I know⌋2: . ,,,,,,
*KELL:,(..) Where did they go . ,,,,,,
*DANA:,(..) They went out to dinner with (..) ⌈ Arianna's parents ⌉ . ,,,,,,
*KELL:,                                       ⌊ Arianna's parents ⌋ . ,,,,,,
*KELL:,(..) Yeah . ,,,,,,
*KELL:,That ⌈ was her (..) grand⌉ma on the phone . ,,,,,,
*DANA:,     ⌊ They left at like ⌋ ,,,,,,
,(..) quarter of eight . ,,,,,,
*KELL:,(..) Mm . ,,,,,,
*KELL:,(..) Maybe they went shopping . ,,,,,,
*KELL:,(..) First ,,,,,,
,and then went to dinner . ,,,,,,
*DANA:,(..) I think they're hanging out . ,,,,,,
*DANA:,(..) ⌈ With ⌉ . ,,,,,,
*KELL:,     ⌊ XX ⌋ . ,,,,,,
*DANA:,(..) the Callahans . ,,,,,,
*DANA:,(..) Gotta have some of my sister's bread . ,,,,,,
*DANA:,It is so: (.) good . ,,,,,,
*KELL:,(.) What +/. ,,,,,,
*KELL:,Is it like regular bread ,,,,,,
,or is it . ,,,,,,
*DANA:,No . ,,,,,,
*DANA:,(.) Molasses . ,,,,,,
*KELL:,(..) Oh . ,,,,,,
*DANA:,(..) Oh ,,,,,,
,(.) I love this bread . ,,,,,,
*DANA:,(..) &=SNIFF ,,,,,,
,(..) &{l=WH It's so good . ,,,,,,
*DANA:,(..) Oh &}l=WH . ,,,,,,
*KELL:,(..) You should make it . ,,,,,,
*DANA:,(..) No ,,,,,,
,I don't know how to make it . ,,,,,,
*KELL:,(..) That is the cutest cutting board . ,,,,,,
*KELL:,Isn't ⌈ it ⌉ ? ,,,,,,
*DANA:,      ⌊ I know⌋: [% laugh] . ,,,,,,
*KELL:,&{l=@ I love it &}l=@ . ,,,,,,
*DANA:,&=laugh &=in ,,,,,,
,(.) &{l=SING Little piggies &}l=SING . ,,,,,,
*DANA:,(..) You wanna piece of toast ? ,,,,,,
*KELL:,(..) &=tsk Sure &=ex . ,,,,,,
*DANA:,(..) Here . ,,,,,,
*DANA:,Try some of it first . ,,,,,,
*KELL:,(..) &=tsk ,,,,,,
,(..) &{l=FOOD It's different . ,,,,,,
*KELL:,(..) I like it . ,,,,,,
*KELL:,(..) When'd she start making this &}l=FOOD . ,,,,,,
*DANA:,(..) I don't know ,,,,,,
,&{l=X Kinda like &}l=X couple years ago . ,,,,,,
*KELL:,(..) Mm . ,,,,,,
*KELL:,(..) Does she always come home in the summer ? ,,,,,,
*KELL:,(.) From school ? ,,,,,,
*DANA:,(..) Mhm . ,,,,,,
*KELL:,(.) Oh really ? ,,,,,,
*DANA:,(..) XX ,,,,,,
,(..) X ,,,,,,
,(..) Cause ,,,,,,
,(..) she gets really homesick ? ,,,,,,
*KELL:,(..) Oh does she ? ,,,,,,
*D+B88ANA:,(..) so ,,,,,,
,(..) and she likes to come home . ,,,,,,
*DANA:,(..) And we have that house ,,,,,,
,at the Cape ⌈ and stu⌉ff . ,,,,,,
*KELL:,            ⌊ Yeah ⌋ . ,,,,,,
*KELL:,(..) See I don't really miss (.) home . ,,,,,,
*KELL:,I mean I miss my family you know ,,,,,,
,but like ,UI,T2,UI,T1,UNMATCH,T3
,I don't th:ink about them ,,,,,,
,(..) when I'm up here really . ,,,,,,
*KELL:,(..) Except for I call every few days . ,,,,,,
*DANA:,(..) &{l=FOOD Oh I don't ,,,,,,
,(..) I miss my house . ,,,,,,
*KELL:,(..) Yeah . ,,,,,,
*KELL:,I miss (..) my ⌈ house ⌉ . ,,,,,,
*DANA:,               ⌊ I miss the ⌋ feeling of being ho⌈2:me ⌉2 . ,,,,,,
*KELL:,                                                 ⌊2 Mm⌋2: . ,,,,,,
*KELL:,(.) Mhm . ,,,,,,
*KELL:,(..) But like I'm not (..) homesick at all . ,UI,T3,UI,T1,UNMATCH,T3
*KELL:,Like I'm (.) perfectly ,,,,,,
,(..) happy up here . ,,,,,,
*DANA:,(..) Yeah &}l=FOOD . ,,,,,,
*KELL:,(..) Plus it's such a pai:n to drive home . ,,,,,,
*KELL:,(.) Four hours or whatever ? ,,,,,,
*DANA:,(..) Mhm . ,,,,,,
*DANA:,(..) &=COUGH ,,,,,,
,(..) &=COUGH ,,,,,,
,(..) &=OPENS_JUICE_BOTTLE &=SIGH &=lengthened ,,,,,,
,(..) &=POURS_JUICE (..) &=SIGH &=lengthened ,,,,,,
,(..) This on the bread . ,,,,,,
*DANA:,(..) It's good . ,,,,,,
*DANA:,(..) &=CUPBOARD_DOOR_AND_DISHES ,,,,,,
,(..) We have so many plates . ,,,,,,
*DANA:,These are such awesome cups ,,,,,,
,where do you think they got them . ,,,,,,
*KELL:,(..) I have no: idea . ,,,,,,
*KELL:,(..) I love em though . ,,,,,,
*KELL:,I total⌈ly would ⌉ . ,,,,,,
*DANA:,       ⌊ &{l=WH They're so⌋: awe⌈2some &}l=WH ⌉2 . ,,,,,,
*KELL:,                                ⌊2 I would ⌋2 use that ,,,,,,
,(.) all: the time . ,,,,,,
*KELL:,And I really try hard not to lose it too [% laugh] &=laugh . ,,,,,,
*KELL:,(..) This is cute . ,,,,,,
*KELL:,who brought this . ,,,,,,
*DANA:,(..) I did . ,,,,,,
*KELL:,(..) Oh really ? ,,,,,,
*KELL:,(..) Oh yeah . ,,,,,,
*KELL:,I think I &{l=@ remember unpacking it &}l=@ . ,,,,,,
*KELL:,(..) &=laugh &=laugh ,,,,,,
,(..) &=laugh &=laugh . ,,,,,,
*DANA:,It's not really for sugar but . ,TF,I2,TF,T4,UNMATCH,I2
*KELL:,(..) That's okay . ,,,,,,
*KELL:,It's (.) basically for crea:m ? ,,,,,,
*KELL:,(..) I won't tell . ,,,,,,
*KELL:,Just as long as it's something white . ,,,,,,
*DANA:,(.) Whoops . ,,,,,,
*DANA:,(..) ⌈ What'd you have for dinner ? ,,,,,,
*KELL:,     ⌊ &{l=X Oh yeah it's a good flour &}l=X ⌋ . ,,,,,,
*DANA:,(.) Oh you made ⌉ (..) pasta . ,,,,,,
*KELL:,(..) Yeah ,,,,,,
,and then we went to Hank's where we made ,,,,,,
,(..) chicken sandwiches ? ,,,,,,
*KELL:,(..) And then we had (.) free ice cream out on the (..) quad . ,,,,,,
*DANA:,(..) Oh was there free ice cre- +/. ,,,,,,
*DANA:,Did you see anybody ? ,,,,,,
*KELL:,(..) Na . ,,,,,,
*KELL:,(..) I saw that girl ,,,,,,
,(.) Amanda ? ,,,,,,
*KELL:,That lived on our floor ,,,,,,
,(..) &=in the one with the weird laugh ,,,,,,
,(..) She ⌈ got a ⌉ birthmark on her fa:ce . ,,,,,,
*DANA:,         ⌊ Mm ⌋ . ,,,,,,
*KELL:,like a stai:n colored ⌈2 birthmark ⌉2 . ,,,,,,
*DANA:,                      ⌊2 &=in Oh ⌋2 yeah . ,,,,,,
*KELL:,(..) And then ⌈3 I th- ⌉3 +... ,,,,,,
*DANA:,              ⌊3 No she u⌋3:sed to be on our floor . ,,,,,,
*DANA:,She ⌈4 &{l=X moved &}l=X ⌉4 +... ,,,,,,
*KELL:,    ⌊4 Yeah ⌋4 . ,,,,,,
*KELL:,(.) Yeah . ,,,,,,
*KELL:,⌈ Used to be ⌉ . ,,,,,,
*DANA:,⌊ The weird weird ⌋ one . ,,,,,,
*DANA:,She ⌈2 went out with ⌉2 Tom Engle . ,,,,,,
*KELL:,    ⌊2 Yeah ⌋2 . ,,,,,,
*KELL:,(..) That's right . ,,,,,,
*KELL:,Yeah ,,,,,,
,he was in their room . ,,,,,,
*KELL:,(..) And that girl Laura . ,,,,,,
*KELL:,(.) Lara ,,,,,,
,(.) from New Jersey . ,,,,,,
*DANA:,(..) Which . ,,,,,,
*KELL:,that was in their room too ? ,,,,,,
*KELL:,The triple ? ,,,,,,
*KELL:,Oh: no: . ,,,,,,
*KELL:,I hate (..) bugs . ,,,,,,
*KELL:,&=in ⌈ &=lengthened ⌉ . ,,,,,,
*DANA:,     ⌊ That's ⌋ just a (..) fly . ,,,,,,
*KELL:,ʔU:m ,,,,,,
,(..) the other girl that was in ⌈ the ⌉ . ,,,,,,
*DANA:,                                ⌊ Here ⌋ . ,,,,,,
*KELL:,in Sharon's triple . ,,,,,,
*KELL:,(..) Lara ? ,,,,,,
*KELL:,From ,,,,,,
,(..) Newark ? ,,,,,,
*KELL:,(.) New ⌈ Jersey ⌉ . ,,,,,,
*DANA:,        ⌊ Oh yeah⌋: . ,,,,,,
*KELL:,(..) But ⌈2 they live in that +... ,TI,T4,TI,T4,MATCH,
*DANA:,         ⌊2 Didn't see them around there last year ⌋2 . ,,,,,,
*KELL:,(.) They live in that ⌉2 Redsto:ne (.) SAFE House . ,,,,,,
*DANA:,(.) Oh . ,,,,,,
*KELL:,(..) That's why . ,,,,,,
*KELL:,And it was like ,,,,,,
,(..) a free ice cream thing for Coolidge and the SAFE House . ,,,,,,
*DANA:,(..) I gotcha . ,,,,,,
*DANA:,(..) &=ex . ,,,,,,
*DANA:,(..) &=ex . ,,,,,,
*DANA:,(..) Isn't it good bread ? ,,,,,,
*KELL:,(..) ⌈ Mm ⌉ . ,,,,,,
*DANA:,     ⌊ &=SNIFF ⌋ . ,,,,,,
*KELL:,&{l=FOOD Yeah it is . ,,,,,,
*KELL:,(..) It's thick . ,,,,,,
*KELL:,(.) Thick . ,,,,,,
*KELL:,(..) It's not as li⌈:ght ⌉ ? ,,,,,,
*DANA:,                   ⌊ M⌋hm . ,,,,,,
*DANA:,(..) &{l=FOOD No . ,,,,,,
*DANA:,(..) That's the dough &}l=FOOD . ,,,,,,
*KELL:,(..) Yeah it's heavier . ,,,,,,
*KELL:,(..) So it's good &}l=FOOD . ,,,,,,
*KELL:,(..) I think I'm totally just gonna stay in and read ,,,,,,
,I'm so exhausted . ,,,,,,
*KELL:,(..) I didn't get that much sleep last night . ,,,,,,
*KELL:,(..) No going out for me tonight . ,,,,,,
*KELL:,(..) Last night was enough . ,,,,,,
*KELL:,&=laugh . ,,,,,,
*DANA:,(..) Mm ,,,,,,
,(..) I'm tired now . ,,,,,,
*DANA:,(..) &{l=FOOD I still kinda wanna hang out though . ,,,,,,
*KELL:,(..) Yeah . ,,,,,,
*KELL:,(..) Are they partying at Ed's or something ? ,,,,,,
*DANA:,(..) They were gonna come here &}l=FOOD . ,,,,,,
*KELL:,(..) Ah . ,,,,,,
*DANA:,(..) &{l=FOOD &{l=X But &}l=X &}l=FOOD ,TI,I2,TI,I2,MATCH,
,(..) &=ex . ,,,,,,
*KELL:,(..) I think I'm totally just gonna sleep . ,,,,,,
*KELL:,(..) I hope that plug isn't (..) messing up the . ,,,,,,
*DANA:,(..) Mm-mm: . ,,,,,,
*DANA:,(..) &{l=F Hey: &}l=F . ,,,,,,
*NANC:,(..) &{l=X We're here &}l=X . ,,,,,,
*KELL:,(..) &=laugh &=laugh &=laugh . ,,,,,,
*ARIA:,(..) &{l=X Get some here &}l=X . ,,,,,,
*DANA:,(..) &{l=F &{l=FOOD Hi: . ,,,,,,
*NANC:,&{l=F Hi: &}l=F . ,,,,,,
*DANA:,(..) Yay: &}l=F . ,,,,,,
*NANC:,I gotta pee so: bad . ,,,,,,
*DANA:,(..) ⌈ How was dinner ⌉ . ,,,,,,
*KELL:,     ⌊ Uh-oh ⌋ . ,,,,,,
*NANC:,(..) What ? ,,,,,,
*DANA:,How was dinner &}l=FOOD . ,,,,,,
*NANC:,(..) Late . ,,,,,,
*DANA:,(..) Mm . ,,,,,,
*KELL:,(..) Did they know each other before school . ,,,,,,
*KELL:,No . ,,,,,,
*DANA:,Hm-m . ,,,,,,
*DANA:,(..) They had (..) heard of each other . ,,,,,,
*DANA:,Like ,,,,,,
,they knew . ,,,,,,
*KELL:,Mm . ,,,,,,
*KELL:,(..) It was like next town ⌈ over or something like that ⌉ ? ,,,,,,
*DANA:,                           ⌊ &{l=FOOD I don't think they were friends &}l=FOOD ⌋ . ,,,,,,
*ARIA:,(..) Hi: &=ex . ,,,,,,
*DANA:,Hi . ,,,,,,
*DANA:,(..) &{l=@ Why are you smiling &}l=@ like that . ,,,,,,
*ARIA:,(..) Just cracking up &=ex . ,,,,,,
*KELL:,(..) Arianna ,,,,,,
,(..) what are those for . ,,,,,,
*ARIA:,(..) You can have one if you want ⌈ one ⌉ . ,,,,,,
*KELL:,                                  ⌊ Ha ha ⌋ &{n=CLAP &=nonvocal ha: ⌈2 &=nonvocal ha &=nonvocal ha &=nonvocal &=ex &}n=CLAP ⌉2 . ,,,,,,
*ARIA:,                                                                    ⌊2 Yeah you can ⌋2 . ,,,,,,
*DANA:,                                                                    ⌊2 &=laugh &=laugh &=lengthened ⌋2 . ,,,,,,
*KELL:,&=CLAP (.) &=laugh &=laugh &=laugh . ,,,,,,
*ARIA:,(.) They're from um ,,,,,,
,(..) We do ,,,,,,
,My mom has like caretaking up on Stratton ? ,,,,,,
*ARIA:,(..) And they have the: LPGA: golf tournament there ? ,,,,,,
*KELL:,Mhm⌈: ⌉ ? ,,,,,,
*ARIA:,   ⌊ And ⌋ we caretake for all of the ,,,,,,
,(..) like ,,,,,,
,(..) bigwigs ? ,,,,,,
*ARIA:,So . ,,,,,,
*KELL:,That is (.) awesome . ,,,,,,
*KELL:,⌈ Those cups are ⌉ ⌈2 s:o great ⌉2 . ,,,,,,
*ARIA:,⌊ They uh ⌋ +... ,,,,,,
*DANA:,                   ⌊2 That's awesome ⌋2 . ,,,,,,
*KELL:,(..) &{l=X wanna ⌈3 try sh- &}l=X ⌉3 +... ,,,,,,
*DANA:,                 ⌊3 &{l=X Oh &}l=X ⌋3 . ,,,,,,
*ARIA:,                 ⌊3 And I got a whole ⌋3 case⌈4: ⌉4 . ,,,,,,
*KELL:,                                             ⌊4 I'm so⌋4: excit⌈5ed ⌉5 . ,,,,,,
*ARIA:,                                                               ⌊5 Like ⌋5 the companies s- +/. ,,,,,,
*ARIA:,Like Pepsi was one of the sponsors . ,,,,,,
*KELL:,Unhunh . ,,,,,,
*ARIA:,So they sent all this stuff ? ,,,,,,
*ARIA:,(.) Got a whole case . ,,,,,,
*ARIA:,(..) Of apple- cinnamon [% laugh] uh (..) rice cakes . ,,,,,,
*KELL:,⌈ &{l=X Those are ⌉ ⌈2 goo:d &}l=X ⌉2 . ,,,,,,
*DANA:,⌊ Unhunh ⌋ . ,,,,,,
*ARIA:,⌊ &{l=X I got like &}l=X ⌋ ⌊2 everything ⌋2 . ,,,,,,
*DANA:,(..) &=laugh . ,,,,,,
*ARIA:,(..) It's the be⌈st ⌉ . ,,,,,,
*KELL:,                ⌊ That's so ⌋ funny . ,,,,,,
*DANA:,(.) I went shopping for food . ,,,,,,
*DANA:,I got myself some food ⌈ &{l=X tonight &}l=X . ,,,,,,
*ARIA:,                       ⌊ You di:d ⌋ . ,,,,,,
*DANA:,&=in ⌉ My sister made a loaf of bread ,,,,,,
,(..) gotta have a piece . ,,,,,,
*DANA:,It's so good . ,,,,,,
*ARIA:,&=ex ,,,,,,
,&{l=WH I'm stuff⌈ed &}l=WH ⌉ . ,,,,,,
*DANA:,                ⌊ &=COUGH ⌋ . ,,,,,,
*ARIA:,(..) &=in U:m . ,,,,,,
*DANA:,Where'd you go . ,,,,,,
*ARIA:,(..) The Shanty ? ,,,,,,
*ARIA:,(..) It's u:m ,,,,,,
,(.) &=tsk ,,,,,,
,(..) d- right on the wa:ter . ,,,,,,
*ARIA:,(..) ⌈ It was ni⌉ce . ,,,,,,
*DANA:,     ⌊ Mm ⌋ . ,,,,,,
*ARIA:,(..) My uncle's so (.) rude though [% laugh] . ,,,,,,
*DANA:,(.) &{l=@ Why ,,,,,,
,what'd ⌈ he do &}l=@ ⌉ . ,,,,,,
*ARIA:,       ⌊ This uh ⌋ +/. ,,,,,,
*ARIA:,The girl was like ,,,,,,
,oh: ,,,,,,
,(..) we- +/. ,,,,,,
*ARIA:,Like he has a lot of money but he's ,UI,T4,UI,T4,MATCH,
,(..) like ,,,,,,
,(..) like ,,,,,,
,&=ex (..) I don't know ,,,,,,
,like Blane ,,,,,,
,he's like kinda rude . ,,,,,,
*ARIA:,Isn't he ? ,,,,,,
*ARIA:,(.) Like he was like . ,,,,,,
*NANC:,(..) He's just a weird⌊o ⌋ . ,,,,,,
*DANA:,⌈ Did he make ⌉ fun of ⌈2 you ⌉2 ? ,,,,,,
*ARIA:,⌊ I don't know ⌋ . ,,,,,,
*ARIA:,                       ⌊2 He ⌋2 really bugs me . ,,,,,,
*ARIA:,&=in He was li:ke um ,,,,,,
,(..) well you forgot my d- my sau:ce for this . ,,,,,,
*ARIA:,Cause she brought him clams ? ,,,,,,
*ARIA:,Like he had clams ? ,,,,,,
*ARIA:,&=in And she goes well we have this kind and this kind ,,,,,,
,&=in and she said and we have A One sauce ,,,,,,
,he's like no . ,,,,,,
*ARIA:,That's for steak . ,,,,,,
*ARIA:,Keep trying . ,,,,,,
*DANA:,(..) ⌈ &=laugh &=ex ⌉ . ,,,,,,
*ARIA:,     ⌊ You know ⌋ ,,,,,,
,and I was ⌈2 like ⌉2 . ,,,,,,
*NANC:,          ⌊2 Not ⌋2 like ,,,,,,
,oh I want this . ,,,,,,
*NANC:,⌈ He's like ⌉ keep ⌈2 trying ⌉2 . ,,,,,,
*DANA:,⌊ Yeah ⌋ . ,,,,,,
*ARIA:,                   ⌊2 You know ,,,,,,
,he's ⌋2 like keep try:ing . ,,,,,,
*ARIA:,(..) And then you would've thought like it was &=in ⌈3 the end of the world ⌉3 when the bill came . ,,,,,,
*DANA:,                                                    ⌊3 &{l=X Awesome &}l=X ⌋3 . ,,,,,,
*ARIA:,(..) It was like . ,,,,,,
*NANC:,(.) Mhm⌈: ⌉ . ,,,,,,
*ARIA:,       ⌊ I don't know ⌋ ,,,,,,
,he was just . ,,,,,,
*KELL:,⌈ Unhunh ⌉ . ,,,,,,
*ARIA:,⌊ kind of ⌋ a jerk . ,,,,,,
*KELL:,Your grandma called . ,,,,,,
*ARIA:,(..) She did . ,,,,,,
*KELL:,(.) Yeah like ,,,,,,
,(.) fifteen minutes ago . ,,,,,,
*ARIA:,(..) What'd she say . ,,,,,,
*ARIA:,Any⌈thing ⌉ . ,,,,,,
*KELL:,   ⌊ She just ⌋ wanted to know ,,,,,,
,when your parents got here ,,,,,,
,and ,,,,,,
,(..) we decided ,,,,,,
,it was about seven ⌈ seven thirty ⌉ . ,,,,,,
*DANA:,                   ⌊ Seven thir- ⌋ +/. ,,,,,,
*DANA:,(..) Yeah . ,,,,,,
*KELL:,And we told her and ,,,,,,
,(.) she was happy with that and hung up . ,,,,,,
*DANA:,&=SIGH ⌈ &=lengthened ⌉ ⌈2 &=lengthened ⌉2 . ,,,,,,
*ARIA:,       ⌊ X ⌋ . ,,,,,,
*KELL:,                        ⌊2 She's cute ⌋2 . ,,,,,,
*KELL:,&=laugh . ,,,,,,
*ARIA:,She is ⌈ cute ⌉ ? ,,,,,,
*DANA:,       ⌊ When did ⌋ +... ,,,,,,
*NANC:,       ⌊ So what's the ⌋ pla:n . ,,,,,,
*DANA:,(.) I don't know . ,,,,,,
*DANA:,I just was +/. ,,,,,,
*DANA:,Went shopping with (.) Ed and (..) his roommate ,,,,,,
,they said they'd come over here . ,,,,,,
*NANC:,(..) Mm . ,,,,,,
*DANA:,You know . ,,,,,,
*DANA:,(..) If we wanna just hang out and drink . ,,,,,,
*DANA:,(..) Whatever . ,,,,,,
*NANC:,Okay . ,,,,,,
*NANC:,That ⌈ sounds (.) cool ⌉ . ,,,,,,
*DANA:,     ⌊ I think it'd be cool ⌋ ,,,,,,
,cause I don't feel like going anywhere . ,,,,,,
*NANC:,(.) ⌈ Yeah ⌉ . ,,,,,,
*ARIA:,    ⌊ I know⌋⌈2: ⌉2 . ,,,,,,
*NANC:,             ⌊2 that ⌋2 ⌈3 sounds good ⌉3 . ,,,,,,
*DANA:,                        ⌊3 You know ⌋3 ? ,,,,,,
*DANA:,(..) &=SNIFF And uh ,,,,,,
,⌈ Woody hasn't called yet so ⌉ . ,,,,,,
*KELL:,⌊ We're all sitting here all too tired ⌋ . ,,,,,,
*DANA:,Who knows . ,,,,,,
*DANA:,&=laugh &=laugh &=laugh ,,,,,,
,⌈ &{l=X You know &}l=X ⌉ . ,,,,,,
*N+A391:B437ANC:,⌊ He's probably ⌋ expecting us over there . ,,,,,,
*DANA:,(..) No ,,,,,,
,I said maybe . ,,,,,,
*DANA:,(..) I said ,,,,,,
,(..) may⌈be we'll come ⌉ . ,,,,,,
*NANC:,        ⌊ now m:ay⌋be to Woody . ,,,,,,
*DANA:,(..) Does that mean [% laugh] +/. ,,,,,,
*DANA:,&=laugh ,,,,,,
,Is that ⌈ what got you ⌉ in trou⌈2ble [% laugh] ⌉2 ? ,,,,,,
*NANC:,        ⌊ XXX ⌋ ,,,,,,
,                              ⌊2 &=laugh ⌋2 . ,,,,,,
*DANA:,⌈3 &=laugh &=lengthened &=laugh &=laugh &=laugh &=laugh &=laugh ⌉3 . ,,,,,,
*NANC:,⌊3 &=laugh &=in &=tsk That might mean yes ⌋3 . ,,,,,,
*DANA:,⌈4 &=laugh &=in &=laugh &=laugh &=laugh ⌉4 . ,,,,,,
*ARIA:,⌊4 &{l=BR Awe:so:me &}l=BR ⌋4 . ,,,,,,
*NANC:,⌊4 &{l=@ No &=ex ,,,,,,
,just kidding &}l=@ ⌋4 . ,,,,,,
*ARIA:,⌈5 &{l=SING You know Woody⌉5⌈6: &}l=SING ⌉6 . ,,,,,,
*NANC:,⌊5 &=laugh &=in &=laugh &=laugh ⌋5 . ,,,,,,
*DANA:,                            ⌊6 M:ay⌋6:be I'll do that . ,,,,,,
*DANA:,&{l=X &{l=% no not &}l=% &}l=X . ,,,,,,
*DANA:,(..) &=in So but they just left like ,UI,T4,UI,T4,MATCH,
,fifteen minutes ago ? ,,,,,,
*DANA:,So I don't know ,,,,,,
,(..) Like they were gonna unpack (.) their stuff ,,,,,,
,(.) ⌈ Ed was gonna ⌉ take a shower . ,,,,,,
*NANC:,    ⌊ Right ⌋ . ,,,,,,
*NANC:,(.) Right . ,,,,,,
*NANC:,(..) That's ⌈ cool ⌉ . ,,,,,,
*DANA:,            ⌊ So ⌋ ,,,,,,
,and &{l=X now they gotta &}l=X get beer . ,,,,,,
*DANA:,So I don't know what they're doing . ,,,,,,
*DANA:,But I can call ,UI,T1,UI,T1,MATCH,
,and find out . ,,,,,,
*DANA:,ʔuh- ʔIf they wanna come over . ,,,,,,
*NANC:,(.) Okay . ,,,,,,
*DANA:,In a little while . ,,,,,,
*DANA:,I wouldn't mind ,,,,,,
,I just wanna hang . ,,,,,,
*NANC:,(..) Yeah . ,,,,,,
*DANA:,⌈ Ha:ng and talk ⌉ . ,,,,,,
*NANC:,⌊ ʔS- +/. ,,,,,,
*NANC:,We don't have ca⌋ble . ,,,,,,
*NANC:,That's the only thing that sucks . ,,,,,,
*DANA:,(..) &=tsk . ,,,,,,
*NANC:,(..) ⌈ So we don't have anything ⌉ +... ,,,,,,
*DANA:,     ⌊ We have a ster⌋eo . ,,,,,,
*NANC:,(.) Yeah . ,,,,,,
*DANA:,⌈ You know ⌉ . ,,,,,,
*ARIA:,⌊ That's true ⌋ . ,,,,,,
*NANC:,⌊ You're right ⌋ . ,,,,,,
*NANC:,That's ⌈2 like ⌉2 . ,,,,,,
*ARIA:,       ⌊2 That's ⌋2 fine . ,,,,,,
*ARIA:,&=in We um ,,,,,,
,you know we're down at the Shanty . ,,,,,,
*NANC:,(..) Oh yeah [% laugh] . ,,,,,,
*ARIA:,We're leaving ,,,,,,
,and the guy's like ,,,,,,
,We left a little bit (.) ahead of my parents ? ,,,,,,
*ARIA:,&=in And the guys like ,,,,,,
,hi you guys ,,,,,,
,(.) how was your dinner . ,,,,,,
*ARIA:,And we were like great . ,,,,,,
*ARIA:,ʔuh Thinking you know he was just asking us how our dinner was ? ,,,,,,
*ARIA:,&=in (..) He's like ,,,,,,
,yeah: ,,,,,,
,you know going o:n about ,,,,,,
,ʔw- what are you sophomores ,,,,,,
,we're like ,,,,,,
,(.) no: ,,,,,,
,But everyone at- (.) thinks we're like young ? ,UI,T4,UI,T4,MATCH,
*DANA:,(..) Ah . ,,,,,,
*ARIA:,So we were like no ,,,,,,
,seniors ,,,,,,
,then he goes ,,,,,,
,well ,,,,,,
,(..) we're looking for part time help . ,,,,,,
*ARIA:,&=laugh &=in ,,,,,,
,&{l=@ Like he was just like recruiting us &}l=@ ,,,,,,
,right ⌈ off of the din⌉ner table . ,,,,,,
*NANC:,      ⌊ Mm ⌋ . ,,,,,,
*DANA:,That's so great ⌈2 though⌉2⌈3: ⌉3 . ,,,,,,
*ARIA:,                ⌊2 Isn't ⌋2 ⌊3 that ⌋3 ⌈4 awesome ⌉4 ? ,,,,,,
*NANC:,                           ⌊3      Sh⌋3⌊4annon says like ⌋4 ,,,,,,
,you can make some serious (.) &{l=@ din⌈5go working dinner &}l=@ ⌉5 . ,,,,,,
*DANA:,                                       ⌊5 Did you say ⌋5 +/. ,,,,,,
*DANA:,Did you s- tell ⌈6 about ⌉6 ⌈7 Jenn ⌉7 ? ,,,,,,
*NANC:,                ⌊6 Yeah ⌋6 . ,,,,,,
*KELL:,                            ⌊7 &{l=X I keep t⌋7elling you ⌈8 about &}l=X ⌉8 +... ,,,,,,
*NANC:,                                                          ⌊8 Well ⌋8 ,,,,,,
,I was like ,,,,,,
,yeah ,,,,,,
,maybe I'll be back . ,,,,,,
*NANC:,⌈ &=laugh ⌉ . ,,,,,,
*KELL:,⌊ &=laugh ⌋ &=laugh &=laugh . ,,,,,,
*ARIA:,Yeah ,,,,,,
,and ⌈ he needed a hostess . ,,,,,,
*NANC:,    ⌊ And he was like ,,,,,,
,okay ⌋ . ,,,,,,
*ARIA:,cause I don't ⌉ wanna waitress ? ,,,,,,
*DANA:,⌈2 Mhm ⌉2 . ,,,,,,
*ARIA:,⌊2 Cause I'm ⌋2 +/. ,,,,,,
*ARIA:,I get too nervous like kinda things ? ,,,,,,
*DANA:,⌈ Unhunh ⌉ ? ,,,,,,
*NANC:,⌊ Hm ⌋ . ,,,,,,
*ARIA:,⌊ &=in ⌋ And (.) a friend of mine is working there already ,,,,,,
,we saw her ,,,,,,
,we walked in and she was there ? ,,,,,,
*ARIA:,&=in And I said ,,,,,,
,oh well you must make good dingo . ,,,,,,
*ARIA:,And she was like yeah . ,,,,,,
*ARIA:,If you can keep up with it ,,,,,,
,you can make really good money . ,,,,,,
*ARIA:,&=in So it'd be perfect . ,,,,,,
*DANA:,Jenn . ,,,,,,
*ARIA:,&=in ⌈ And then ⌉ . ,,,,,,
*NANC:,     ⌊ ʔna- me⌋: . ,,,,,,
*DANA:,⌈2 Hm ⌉2 . ,,,,,,
*ARIA:,⌊2 you ⌋2 know ,,,,,,
,and ⌈3 if +... ,,,,,,
*NANC:,    ⌊3 &{l=X Jenn XX ⌋3 ⌈4 X he:r &}l=X ⌉4 . ,,,,,,
*DANA:,    ⌊3 Yeah ⌋3 . ,,,,,,
*ARIA:,and then ⌉3 ,,,,,,
,                      ⌊4 like if she ⌋4 got in ,,,,,,
,then she'd have ,,,,,,
,(.) say oh ,,,,,,
,I have this friend who needs⌈: ⌉ . ,,,,,,
*DANA:,                            ⌊ Yeah ⌋ . ,,,,,,
*NANC:,                            ⌊ Right ⌋ . ,,,,,,
*KELL:,A ⌈2 jo:b and ⌉2 . ,,,,,,
*ARIA:,  ⌊2 So it could be perfect ⌋2 . ,,,,,,
*NANC:,⌈3 So we might ⌉3 . ,,,,,,
*DANA:,⌊3 That's ⌋3 ⌈4 good ⌉4 . ,,,,,,
*KELL:,             ⌊4 &{l=X Yeah⌋4⌈5: &}l=X ⌉5 . ,,,,,,
*NANC:,                            ⌊5 We're gonna ⌋5 ⌈6 go down to⌉6morrow . ,,,,,,
*DANA:,                                              ⌊6 cause then ⌋6 +... ,,,,,,
*KELL:,That's ⌈7 sweet ⌉7 . ,,,,,,
*NANC:,       ⌊7 I know . ,,,,,,
*NANC:,that's ⌋7 swee⌈8:t ⌉8 . ,,,,,,
*ARIA:,              ⌊8 That ⌋8 sweet ? ,,,,,,
*KELL:,N:ice . ,,,,,,
*DANA:,(.) We gonna &=ex +/. ,,,,,,
*DANA:,What time are you getting up tomorrow . ,,,,,,
*NANC:,(..) &=tsk (..) I don't know . ,,,,,,
*NANC:,I have ten fif⌈ty ⌉ . ,,,,,,
*DANA:,              ⌊ Where⌋'s your class . ,,,,,,
*NANC:,(..) Don't know . ,,,,,,
*NANC:,(..) ⌈ Dewey ⌉ . ,,,,,,
*DANA:,     ⌊ Probably ⌋ wha:t time ? ,,,,,,
*NANC:,(..) I said I don't know . ,,,,,,
*NANC:,(..) I have a ten ⌈ fift- ⌉ . ,,,,,,
*DANA:,                  ⌊ Oh⌋: . ,,,,,,
*DANA:,I thought you said ten fifteen . ,,,,,,
*DANA:,And I was like what ? ,,,,,,
*NANC:,&=laugh ⌈ No [% laugh] ⌉ . ,,,,,,
*KELL:,        ⌊ X ⌋ . ,,,,,,
*DANA:,What ? ,,,,,,
*KELL:,(.) &=laugh &=laugh &=laugh . ,,,,,,
*NANC:,⌈ I think ⌉ ⌈2 it's ten fifty ⌉2 . ,,,,,,
*ARIA:,⌊ Hunh ⌋ ? ,,,,,,
*DANA:,            ⌊2 It's like (.) five minutes ⌋2 ? ,,,,,,
*DANA:,⌈3 to get ⌉3 ⌈4 to cla:ss ⌉4 ? ,,,,,,
*KELL:,⌊3 &=laugh ⌋3 . ,,,,,,
*NANC:,⌊3 in ⌋3     ⌊4 Dewey . ,,,,,,
*NANC:,&=laugh &=laugh ⌋4 ,,,,,,
,&=in &=laugh . ,,,,,,
*DANA:,Dewey ? ,,,,,,
*NANC:,(..) Yeah . ,,,,,,
*KELL:,&=SNIFF ⌈ &=lengthened ⌉ . ,,,,,,
*DANA:,        ⌊ X ⌋ ,,,,,,
,(..) &{l=P I don't have to go to class &}l=P . ,,,,,,
*DANA:,(..) Like ,,,,,,
,everybody's making noises around here . ,,,,,,
*DANA:,&{l=X Make ⌈ me kinda irritated &}l=X ⌉ . ,,,,,,
*ARIA:,           ⌊ Be XX ⌋ . ,,,,,,
*DANA:,&=in No . ,,,,,,
*DANA:,(.) The like banging . ,,,,,,
*DANA:,⌈ And sawing . ,,,,,,
*KELL:,⌊ ʔPut (.) insula⌋tion . ,,,,,,
*DANA:,&{l=X Ugh: &}l=X ⌉ . ,,,,,,
*KELL:,and then put another ceiling over that . ,,,,,,
*DANA:,Yeah . ,,,,,,
*DANA:,⌈ and I was like ⌉ . ,,,,,,
*KELL:,⌊ XX ⌋ ⌈2 &{l=X thing &}l=X ⌉2 . ,,,,,,
*ARIA:,⌊  Mm:⌋⌊2: ⌋2 . ,,,,,,
*ARIA:,⌈3 &=tsk ʔuh &=ex &=lengthened ⌉3 . ,,,,,,
*DANA:,⌊3 But anyway ⌋3 . ,TI,I2,TI,I2,MATCH,
*ARIA:,&=in &=ex &=lengthened . ,,,,,,
*NANC:,(.) The best s⌈trawberry ⌉ daiquiri . ,,,,,,
*ARIA:,              ⌊ Oh ⌋ . ,,,,,,
*ARIA:,This is what my dad said . ,,,,,,
*DANA:,Did you ? ,,,,,,
*ARIA:,&=in About the board for the: refrigerator . ,,,,,,
*DANA:,ʔYeah . ,,,,,,
*ARIA:,He sai:d ,,,,,,
,(..) when you (.) put it in . ,,,,,,
*ARIA:,Do:n't cut it straight across and stick it in ,,,,,,
,&=in cause when you shut the door ? ,,,,,,
*ARIA:,If it's (.) perfectly fit ,,,,,,
,you won't get air (.) circulated from the top to the bottom ,,,,,,
,which you ⌈ need in a refrige⌉rator ? ,,,,,,
*DANA:,          ⌊ Unhunh ⌋ . ,,,,,,
*ARIA:,&=in So ,,,,,,
,whoever cuts it ,,,,,,
,to- (..) either put ho:les ? ,,,,,,
*ARIA:,Like . ,,,,,,
*DANA:,⌈ Unhunh ⌉ . ,,,,,,
*ARIA:,⌊ five holes ⌋ ,,,,,,
,drill five holes in it ? ,,,,,,
*ARIA:,&=in Or cut it so: ,,,,,,
,&=in it's straight ,,,,,,
,and fits on the sides and then ,,,,,,
,on the end it comes ,,,,,,
,(.) straight out ,,,,,,
,and then (.) comes in a little bit ? ,,,,,,
*ARIA:,(..) Do you know what I mean ? ,,,,,,
*ARIA:,(.) So if it +/. ,,,,,,
*ARIA:,This was the piece of board ? ,,,,,,
*ARIA:,(..) Leave it ,,,,,,
,like have it come like this . ,,,,,,
*ARIA:,And ⌈ have these ⌉ ⌈2 spaces ⌉2 cut off . ,,,,,,
*DANA:,    ⌊ Oh: ⌋        ⌊2 yeah ⌋2 ? ,,,,,,
*KELL:,                   ⌊2 X XX ⌋2 . ,,,,,,
*ARIA:,so ⌈3 th- (.) uh the air ⌉3 can circu⌈4late ⌉4 . ,,,,,,
*DANA:,   ⌊3 Oh okay ⌋3 . ,,,,,,
*KELL:,   ⌊3 Oh: ⌋3 . ,,,,,,
*KELL:,                                     ⌊4 I got⌋4cha . ,,,,,,
*ARIA:,(..) But ⌈5 probably the ⌉5 screw . ,TI,T4,TI,T4,MATCH,
*KELL:,         ⌊5 XXX ⌋5 . ,,,,,,
*ARIA:,drill holes would be easier . ,,,,,,
*DANA:,(.) Yeah . ,,,,,,
*ARIA:,Just drill like five holes in it . ,,,,,,
*ARIA:,So that the air ⌈ move X ⌉ . ,,,,,,
*KELL:,                ⌊ We need a sa⌋w: . ,,,,,,
*DANA:,We need a ⌈2 saw ⌉2 . ,,,,,,
*KELL:,          ⌊2 I forgot to ⌋2 ⌈3 ask my friend ⌉3 Jason . ,,,,,,
*ARIA:,                            ⌊3 Yeah ⌋3 . ,,,,,,
*KELL:,and I know he's asleep . ,,,,,,
*DANA:,Maybe ,,,,,,
,(..) I can ask Ed ,,,,,,
,when he's going home . ,,,,,,
*KELL:,(..) Yeah⌈: ⌉ . ,,,,,,
*DANA:,         ⌊ And he ⌋ can do it at home⌈2: ⌉2 . ,,,,,,
*KELL:,                                     ⌊2 M⌋2⌈3hm ⌉3 . ,,,,,,
*DANA:,                                           ⌊3 His ⌋3 dad'll do it . ,,,,,,
*KELL:,Mm . ,,,,,,
*DANA:,like ooh ,,,,,,
,something to do . ,,,,,,
*DANA:,⌈ &=laugh &=laugh &=in ⌉ . ,,,,,,
*KELL:,⌊ Yea⌋:h . ,,,,,,
*DANA:,⌈2 He's psyched ⌉2 . ,,,,,,
*NANC:,⌊2 &=laugh ⌋2 . ,,,,,,
*DANA:,&=laugh ⌈3 &=laugh Yea⌉3:h . ,,,,,,
*KELL:,        ⌊3 &{l=VOX something to do: &}l=VOX ⌋3 . ,,,,,,
*KELL:,(.) Men love that stuff . ,,,,,,
*DANA:,&=laugh &=ex &=lengthened . ,,,,,,
*ARIA:,(..) My mom was so psyched about our apartment . ,,,,,,
*DANA:,(.) Why did she- ⌈ what did she ⌉ say- . ,,,,,,
*KELL:,                 ⌊ Yeah ⌋ . ,,,,,,
*ARIA:,Yeah⌈2: ⌉2 . ,,,,,,
*KELL:,    ⌊2 She liked ⌋2 it ? ,,,,,,
*ARIA:,(..) She really ⌈3 liked it so much better than last year ⌉3 . ,,,,,,
*DANA:,                ⌊3 ʔWell it's so much better than last year ⌋3 . ,,,,,,
*NANC:,(..) She was psyched . ,,,,,,
*ARIA:,(..) And she even to- +/. ,,,,,,
*ARIA:,ʔuh &=tsk Does Cheryl bug you ? ,,,,,,
*NANC:,(..) ⌈ She just ki⌉lls me . ,,,,,,
*ARIA:,     ⌊ &{l=X You know her &}l=X ⌋ . ,,,,,,
*DANA:,⌈2 &{l=X Who &}l=X ⌉2 . ,,,,,,
*NANC:,⌊2 They both ⌋2 come- +/. ,,,,,,
*NANC:,What was th- with: her attacking him ⌈3 &{l=X yeah &}l=X ⌉3 . ,,,,,,
*ARIA:,                                     ⌊3 Oh ⌋3 (..) ⌈4 my god ⌉4 . ,,,,,,
*DANA:,                                                   ⌊4 What +/. ,,,,,,
*DANA:,What are you talking ⌋4 about . ,,,,,,
*NANC:,(.) They- (.) they- +/. ,,,,,,
*NANC:,Cheryl and Blane ? ,,,,,,
*NANC:,(..) ⌈ He like ⌉ +... ,,,,,,
*DANA:,     ⌊ Who ⌋ what ? ,,,,,,
*ARIA:,My aunt and un⌈2cle ⌉2 . ,,,,,,
*NANC:,              ⌊2 H:⌋2er aunt and uncle ,,,,,,
,Cheryl and Blane . ,,,,,,
*ARIA:,They ⌈ bug me ⌉ . ,,,,,,
*NANC:,     ⌊ ʔHe ⌋ +/. ,,,,,,
*NANC:,He like needed ,,,,,,
,(..) They were trying to figure out the (.) the bill . ,,,,,,
*DANA:,⌈ Unhunh ⌉ . ,,,,,,
*NANC:,⌊ The money ⌋ whatever . ,,,,,,
*NANC:,And so he needed change . ,,,,,,
*NANC:,Like two fives for a ten or something . ,,,,,,
*NANC:,So she gave him . ,,,,,,
*NANC:,&=in And then ,,,,,,
,he kept it ? ,,,,,,
*NANC:,He didn't give her like the ten you know ? ,,,,,,
*NANC:,&=in She started attacking him ,,,,,,
,going ⌈ I want my money ⌉ . ,,,,,,
*ARIA:,      ⌊ Like pinching him ⌋ . ,,,,,,
*NANC:,⌈2 Like pinching him ⌉2 . ,,,,,,
*ARIA:,⌊2 like everything ⌋2 . ,,,,,,
*NANC:,like making this scene . ,,,,,,
*NANC:,We're like ,,,,,,
,⌈ oh my ⌉ go⌈2:d ⌉2 . ,,,,,,
*DANA:,⌊ Ah ⌋ . ,,,,,,
*ARIA:,            ⌊2 And ⌋2 then he's like ,,,,,,
,my dad's like ,,,,,,
,Go:d . ,,,,,,
*ARIA:,(.) What would she do for ten dollars . ,,,,,,
*ARIA:,He's like ,,,,,,
,you should s:ee what she would do for ten dollars . ,,,,,,
*DANA:,(.) &=GASP . ,,,,,,
*ARIA:,And then he goes I'm gonna give you five at a time ,,,,,,
,and you'll have to like perform for it ? ,,,,,,
*ARIA:,(..) Nancy and I were like ,,,,,,
,⌈ whoa ⌉ . ,,,,,,
*NANC:,⌊ And she thought it was ⌋ so funny . ,,,,,,
*NANC:,She was like cracking ⌈2 up . ,,,,,,
*ARIA:,                      ⌊2 Yeah ⌋2 . ,,,,,,
*NANC:,Was ⌉2 she mangled ? ,,,,,,
*ARIA:,(.) I don't know ,,,,,,
,I think she might have had a little buzz . ,,,,,,
*ARIA:,⌈ Cause she was acting ⌉ strange . ,,,,,,
*NANC:,⌊ XX ⌋ ,,,,,,
,(..) that ⌈2 was ⌉2 +... ,,,,,,
*KELL:,          ⌊2 Wei⌋2:rd . ,,,,,,
*KELL:,(..) Is ⌈3 that the ⌉3 ru:de uncle ? ,,,,,,
*DANA:,        ⌊3 XX ⌋3 . ,,,,,,
*ARIA:,(..) Yes . ,,,,,,
*ARIA:,⌈ &=ex ⌉ . ,,,,,,
*NANC:,⌊ XX ⌋ . ,,,,,,
*DANA:,⌊ (.) &=in ⌋ . ,,,,,,
*ARIA:,(..) &{l=WH So- &}l=WH +... ,,,,,,
*DANA:,⌈ &=SIGH ⌉ &=lengthened . ,,,,,,
*KELL:,⌊ Got it ⌋ . ,,,,,,
*DANA:,(.) Oh ,,,,,,
,&=in I need ⌈ mo:re food ⌉ . ,,,,,,
*ARIA:,            ⌊ Oh: go:d ⌋ &=ex . ,,,,,,
*NANC:,(..) What'd you have . ,,,,,,
*DANA:,(..) I just had a piece of toast . ,,,,,,
*KELL:,Was that your d:inner ? ,,,,,,
*DANA:,(..) Yeah . ,,,,,,
*DANA:,I haven't eaten ,,,,,,
,(..) ⌈ since (.) I ate that ⌉ Chinese food today . ,,,,,,
*KELL:,     ⌊ Well you should eat ⌋ . ,,,,,,
*KELL:,(..) Oh ,,,,,,
,(.) Make yourself a sandwich or something else . ,,,,,,
*DANA:,I don't feel like eating a sandwich . ,,,,,,
*NANC:,I am ⌈ so full ⌉ . ,,,,,,
*DANA:,     ⌊ just (.) ⌋ (.) bought all this food . ,,,,,,
*DANA:,(.) But . ,TF,I2,TF,I2,MATCH,
*ARIA:,But nothing seems good . ,TI,T1,TI,T1,MATCH,
*KELL:,I ⌈ know . ,,,,,,
*DANA:,  ⌊ Well I could make pasta- . ,,,,,,
*KELL:,&{l=X I hate that XX feeling &}l=X ⌉ . ,,,,,,
*DANA:,but I don't feel ⌋ like (.) making ⌈2 it . ,TI,T1,TI,T1,MATCH,
*KELL:,                                   ⌊2 &{l=X Think of mash &}l=X ⌋2 +... ,,,,,,
*DANA:,cause ,,,,,,
,I could ⌉2 just have Oodles of Noodles . ,,,,,,
*DANA:,&{l=P &{l=X That sounds ⌈3 XX great &}l=X &}l=P ⌉3 . ,,,,,,
*ARIA:,                        ⌊3 Mhm: ⌋3 . ,,,,,,
*DANA:,&=SNIFF (.) &=GASP ,,,,,,
,(..) &{l=VOX Oh: &}l=VOX . ,,,,,,
*NANC:,⌈ &{l=X Mhm &}l=X ⌉ . ,,,,,,
*KELL:,⌊ &=laugh &=ex ⌋ . ,,,,,,
*DANA:,I bought French bread . ,,,,,,
*DANA:,(..) Like a real baguette . ,,,,,,
*NANC:,(..) Mm:⌈: ⌉ . ,,,,,,
*DANA:,        ⌊ Do you like that ⌋ kind ? ,,,,,,
*DANA:,(..) I ⌈2 love bread . ,,,,,,
*KELL:,       ⌊2 Mhm: ⌋2 . ,,,,,,
*DANA:,I could ⌉2 just eat bread all ⌈3 night ⌉3 . ,,,,,,
*KELL:,                              ⌊3 Me ⌋3 too . ,,,,,,
*ARIA:,(.) Yeah me too . ,,,,,,
*ARIA:,&=in . ,,,,,,
*DANA:,(..) I'm so glad we have a coffeemaker and coffee . ,,,,,,
*DANA:,I'm gonna have coffee tomorrow morning . ,,,,,,
*NANC:,(..) ⌈ Yepper: ⌉ . ,,,,,,
*ARIA:,     ⌊ Smell it ⌋ brewing ? ,,,,,,
*DANA:,(.) Yeah . ,,,,,,
*NANC:,(.) &=in I never know how much to put . ,,,,,,
*NANC:,So you just have to like . ,,,,,,
*DANA:,Oh I don't +/. ,,,,,,
*DANA:,I just ,,,,,,
,(.) &=PFF . ,,,,,,
*NANC:,D- yeah . ,,,,,,
*NANC:,(.) &{l=X Gue- &}l=X just guess until you get it right . ,,,,,,
*NANC:,But . ,UI,T1,UI,T1,MATCH,
*DANA:,Yeah . ,,,,,,
*NANC:,(..) I always make it too strong . ,,,,,,
*KELL:,(..) How do you work it . ,,,,,,
*KELL:,(.) &=laugh &=ex &=lengthened . ,,,,,,
*DANA:,&=laugh . ,,,,,,
*NANC:,(.) ⌈ You: ⌉ just⌈2: ⌉2 . ,,,,,,
*KELL:,    ⌊ &=laugh &=ex &=lengthened ⌋ ,,,,,,
,               ⌊2 &=laugh ⌋2 &=laugh &=laugh &=in . ,,,,,,
*NANC:,(..) pour the water ,,,,,,
,&{l=PAR let me see &}l=PAR . ,,,,,,
*NANC:,(..) &{l=X Like ⌈ out of the back &}l=X ⌉ . ,,,,,,
*KELL:,                ⌊ Like you put the ⌋ coffee filter a:nd the coffee ,,,,,,
,in the little slidy thingy . ,,,,,,
*NANC:,(.) Yep ,,,,,,
,put the coffee filter: in here⌈: . ,,,,,,
*KELL:,                              ⌊ Yeah: ⌋ . ,,,,,,
*NANC:,put the co⌉:ffee in ,,,,,,
,(..) um . ,,,,,,
*KELL:,(..) and then ⌈ you pour how- ⌉ +... ,,,,,,
*NANC:,              ⌊ &=FLIPS_SWITCH Turn it ⌋ on ,,,,,,
,(.) pour the water through . ,,,,,,
*KELL:,(.) How much water . ,,,,,,
*NANC:,&=FLIPS_SWITCH . ,,,,,,
*KELL:,The water +/. ,,,,,,
*KELL:,Enough water ,,,,,,
,like you fill up the ⌈ little pot to the line ⌉ . ,,,,,,
*NANC:,                     ⌊ Yep ,,,,,,
,(.) howe- +/. ,,,,,,
*NANC:,However ⌋ much ⌈2 you want ⌉2 . ,,,,,,
*DANA:,               ⌊2 However much ⌋2 you want . ,,,,,,
*KELL:,Okay . ,,,,,,
*NANC:,(.) And then ,,,,,,
,just do ,,,,,,
,how ʔm- +/. ,,,,,,
*NANC:,how many scoops of . ,,,,,,
*DANA:,(..) Yeah . ,,,,,,
*DANA:,(..) Goes with that much . ,,,,,,
*KELL:,(..) Okay . ,,,,,,
*DANA:,⌈ Those things are so cool ⌉ . ,,,,,,
*ARIA:,⌊ Those strawberry daiquiris were so: ⌋ good . ,,,,,,
*NANC:,⌈2 Weren't they ⌉2 so good ? ,,,,,,
*ARIA:,⌊2 &=in ⌋2 . ,,,,,,
*DANA:,(.) What ,,,,,,
,(.) you had strawberry daiquiris ? ,,,,,,
*ARIA:,(..) Yeah ,,,,,,
,⌈ with like ⌉ cream on the top . ,,,,,,
*NANC:,⌊ Mhm ⌋ . ,,,,,,
*DANA:,&=in . ,,,,,,
*NANC:,They were ⌈ so good ⌉ . ,,,,,,
*KELL:,          ⌊ Yum ⌋ . ,,,,,,
*DANA:,(..) &=SIGH ⌈2 &=lengthened ⌉2 . ,,,,,,
*ARIA:,            ⌊2 They were so: ⌋2 good &=in . ,,,,,,
*ARIA:,Can't you ⌈3 just +... ,,,,,,
*NANC:,          ⌊3 They weren't like too ⌋3 strong . ,,,,,,
*ARIA:,Unh-unh ⌉3 . ,,,,,,
*NANC:,you could just barely taste the rum ? ,,,,,,
*ARIA:,(..) But it was strong enough so you could like . ,TI,T1,TI,T1,MATCH,
*NANC:,(..) You knew ⌈ they weren't like vir⌉gin [% laugh] . ,,,,,,
*ARIA:,              ⌊ You knew they were ⌋ +/. ,,,,,,
*ARIA:,(..) Like f- we had like f:ive . ,,,,,,
*ARIA:,My dad was sucking em down . ,,,,,,
*ARIA:,Wasn't he ? ,,,,,,
*ARIA:,(.) Mm⌈: ⌉ . ,,,,,,
*DANA:,      ⌊ How many ⌋ did you have ? ,,,,,,
*ARIA:,(..) We only had one ,,,,,,
,⌈ each ⌉ . ,,,,,,
*DANA:,⌊ Oh ⌋ &=ex . ,,,,,,
*DANA:,&=laugh ,,,,,,
,&=in Fi⌈:ve XX ⌉ +... ,,,,,,
*NANC:,       ⌊ I know ,,,,,,
,I had like ⌋ two sips on mine ,,,,,,
,he had like finished ⌈2 his ⌉2 . ,,,,,,
*ARIA:,                     ⌊2 My ⌋2 dad was like ,,,,,,
,&=SLURP &=lengthened ⌈3 &=lengthened ⌉3 . ,,,,,,
*DANA:,                     ⌊3 &=laugh ⌋3 &=laugh &=laugh &=laugh &=laugh &=in ⌈4 &=lengthened ⌉4 . ,,,,,,
*ARIA:,                                                                        ⌊4 X ⌋4 XXXX ,,,,,,
,(..) He is ⌈5 &{l=X so psyched &}l=X ⌉5 . ,,,,,,
*DANA:,           ⌊5 So you don't have to drive ⌋5 em to the airport ? ,,,,,,
*ARIA:,No: ,,,,,,
,thank Go:d . ,,,,,,
*ARIA:,(..) I didn't want to be like ,,,,,,
,&{l=VOX okay Cheryl go ahead &}l=VOX . ,,,,,,
*ARIA:,But I was like &=ex ,UI,T1,UI,T1,MATCH,
,(..) &{l=VOX Come on . ,,,,,,
*ARIA:,(..) You can do it &}l=VOX . ,,,,,,
*DANA:,&{l=SING Drive e:m to the airport &}l=SING . ,,,,,,
*DANA:,(..) Um ,,,,,,
,(.) oh we were thinking ,,,,,,
,everybody could have a shelf ,,,,,,
,(..) in th:ere for their food ? ,,,,,,
*ARIA:,(..) Mm⌈: ⌉ . ,,,,,,
*DANA:,       ⌊ So ⌋ we would have to switch around ,,,,,,
,(.) cause all your stuff is like (.) spread out . ,,,,,,
*ARIA:,Righ⌈:t . ,,,,,,
*DANA:,    ⌊ But you also have a lotta ⌋ stuff . ,TI,T4,TI,T4,MATCH,
*ARIA:,(.) That's fine ⌉ . ,,,,,,
*DANA:,&=in Anyway . ,,,,,,
*DANA:,Doesn't matter . ,,,,,,
*DANA:,&=in Cause then ,,,,,,
,(..) or else Kelly put some of her stuff ⌈ down there ⌉ . ,,,,,,
*KELL:,                                         ⌊ Cause the⌋n ,,,,,,
,maybe like ,,,,,,
,two people could share that ,,,,,,
,and (.) two people could (.) take (.) the shelves in there or something ? ,,,,,,
*KELL:,Like ,,,,,,
,cause that's a big cabinet . ,,,,,,
*KELL:,Or ⌈ &{l=X or yeah &}l=X ⌉ . ,,,,,,
*DANA:,   ⌊ It's empty ⌋ . ,,,,,,
*ARIA:,⌈2 Yeah . ,,,,,,
*KELL:,⌊2 XX +... ,,,,,,
*ARIA:,it's totally empty ⌉2 . ,,,,,,
*KELL:,It's totally empty ⌋2 ,,,,,,
,there's like pans on that (..) shelf there ,,,,,,
,but that's okay ,UI,T4,UI,T4,MATCH,
,the whole bottom's empty yeah . ,,,,,,
*KELL:,(.) I don't know ,,,,,,
,what +/. ,,,,,,
*KELL:,(.) whatever . ,,,,,,
*KELL:,(.) Mm . ,,,,,,
*ARIA:,(.) &=in Cause last year ,,,,,,
,we said ,,,,,,
,oh ,,,,,,
,well we'll all share food ? ,,,,,,
*DANA:,Unhunh . ,,,,,,
*KELL:,M⌈m: ⌉ . ,,,,,,
*ARIA:, ⌊ And the⌋:n ,,,,,,
,(..) like ,,,,,,
,with Moll ,,,,,,
,who you do not wanna be sharing food with . ,,,,,,
*DANA:,(..) Unhunh . ,,,,,,
*ARIA:,(..) Then ⌈ we each had ⌉ our own cupboard . ,,,,,,
*X:,          ⌊ X ⌋ . ,,,,,,
*ARIA:,and that worked out pretty we⌈2:ll ⌉2 ? ,,,,,,
*NANC:,                             ⌊2 Yeah ⌋2 . ,,,,,,
*ARIA:,But you shared certain things . ,TI,T1,TI,T1,MATCH,
*DANA:,⌈ Yeah ⌉ . ,,,,,,
*NANC:,⌊ (.) Yeah ⌋ . ,,,,,,
*ARIA:,⌊ You know what I ⌋ ⌈2 mean . ,,,,,,
*NANC:,                    ⌊2 Yeah ⌋2 . ,,,,,,
*DANA:,                    ⌊2 Like ⌋2 ⌈3 like ⌉3 . ,,,,,,
*ARIA:,like ⌉2                        ⌊3 you share ⌋3 . ,,,,,,
*KELL:,(.) ⌈4 The mayonnaise . ,,,,,,
*DANA:,    ⌊4 Like butter: ⌋4 . ,,,,,,
*KELL:,and the ⌉4 ⌈5 must⌉5⌈6ard . ,,,,,,
*NANC:,           ⌊5 Right ⌋5 . ,,,,,,
*DANA:,           ⌊5 and ⌋5 ⌊6 mayonnai:se . ,,,,,,
*KELL:,and that stuff that goes in the fridge . ,,,,,,
*DANA:,and all that stuff ⌋6 . ,,,,,,
*KELL:,and ⌉6 ⌈7 s:- ⌉7 +... ,,,,,,
*ARIA:,       ⌊7 Unhunh ⌋7 . ,,,,,,
*DANA:,that ⌈8 doesn't ⌉8 go away . ,,,,,,
*KELL:,     ⌊8 And jam ⌋8 . ,,,,,,
*DANA:,for ⌈9 a long ⌉9 ⌈ time you know ⌉ . ,,,,,,
*ARIA:,    ⌊9 Yeah ⌋9 . ,,,,,,
*KELL:,                 ⌊ Right ⌋ . ,,,,,,
*DANA:,&=SNIFF . ,,,,,,
*ARIA:,⌈ Right ⌉ . ,,,,,,
*KELL:,⌊ I mean that's ⌋ different . ,,,,,,
*DANA:,But like little things like . ,TI,T4,TI,T4,MATCH,
*ARIA:,Or like drinks . ,,,,,,
*ARIA:,Like ⌈ when we even ⌉ mixed iced tea or something . ,,,,,,
*DANA:,     ⌊ Yeah ⌋ . ,,,,,,
*DANA:,⌈2 Yeah ⌉2 . ,,,,,,
*ARIA:,⌊2 they just ⌋2 (.) &{l=% drank it &}l=% . ,,,,,,
*ARIA:,We can do that . ,,,,,,
*DANA:,(..) Like there's ,,,,,,
,gra- I (..) bought (.) cranberry juice so . ,,,,,,
*ARIA:,(..) ⌈ Mm ⌉ . ,,,,,,
*DANA:,     ⌊ free ⌋ for all man . ,,,,,,
*NANC:,Mhm . ,,,,,,
*ARIA:,(..) And like I don't like ʔi- +/. ,,,,,,
*ARIA:,(.) sou⌈:p or something . ,,,,,,
*NANC:,       ⌊ That's a good idea . ,,,,,,
*ARIA:,if someone's just like . ,,,,,,
*NANC:,and I don't remember like . ,,,,,,
*ARIA:,wants soup ⌉ . ,,,,,,
*NANC:,how many ⌋ ,,,,,,
,like ,,,,,,
,(.) what I bought . ,,,,,,
*NANC:,So ,,,,,,
,(.) we should probably should split it up . ,,,,,,
*NANC:,(..) Not that I care if you . ,,,,,,
*KELL:,(..) No ,,,,,,
,I don't care ⌈ XXX ⌉ ? ,,,,,,
*NANC:,             ⌊ Eat a can of Spagh⌋etti O's . ,,,,,,
*KELL:,⌈2 right ⌉2 . ,,,,,,
*NANC:,⌊2 But (.) like⌋2: . ,TI,I2,TI,I2,MATCH,
*ARIA:,Right . ,,,,,,
*ARIA:,Exactly . ,,,,,,
*KELL:,But like ,TI,T4,TI,??,UNMATCH,T3
,⌈ every can of Spaghetti O's ⌉ . ,,,,,,
*NANC:,⌊ I know ,,,,,,
,I hear noises ⌋ too . ,,,,,,
*KELL:,Yeah ,,,,,,
,isn't that strange ? ,,,,,,
*NANC:,(..) &{l=SING Mustang Sally &}l=SING ,,,,,,
,,,,,MATCH,19,
,,,,,UNMATCH,4,
